Total_Producido,Total_Defectos
408,1.25
228,0.5714285714285714
1615,2.75
1085,1.1428571428571428
